Keyword	Category
beta-lactamase	beta-lactam
beta-lactamases	beta-lactam
multidrug	multidrug
aminoglycoside	aminoglycoside
bacitracin	bacitracin
beta-lactam	beta-lactam
bleomycin	bleomycin
carbomycin	carbomycin
chloramphenicol	chloramphenicol
fosfomycin	fosfomycin
fosmidomycin	fosmidomycin
fusaric-acid	fusaric-acid
fusidic-acid	fusidic-acid
kasugamycin	kasugamycin
macrolide	macrolide-lincosamide-streptogramin
lincosamide	macrolide-lincosamide-streptogramin
streptogramin	macrolide-lincosamide-streptogramin
polymyxin	polymyxin
puromycin	puromycin
quinolone	quinolone
rifamycin	rifamycin
spectinomycin	spectinomycin
sulfonamide	sulfonamide
tetracenomycin_C	tetracenomycin_C
tetracycline	tetracycline
trimethoprim	trimethoprim
vancomycin	vancomycin
florfenicol	florfenicol
antibiotic	multidrug
penicillin	beta-lactam
pbp2_mrdA	beta-lactam
AcrB/AcrD/AcrF	multidrug
aac(2)-I	aminoglycoside
aac(3)-I	aminoglycoside
aac(3)-II	aminoglycoside
aac(3)-IIIa	aminoglycoside
aac(3)-IV	aminoglycoside
aac(3)-IX	aminoglycoside
aac(3)-Ib-aac(6)-Ib	aminoglycoside
aac(3)-VI	aminoglycoside
aac(3)-VII	aminoglycoside
aac(3)-VIII	aminoglycoside
aac(3)-X	aminoglycoside
aac(6)-30-aac(6)-Ib	aminoglycoside
aac(6)-31	aminoglycoside
aac(6)-I	aminoglycoside
aac(6)-II	aminoglycoside
aad(6)	aminoglycoside
aad(9)	aminoglycoside
aadA	aminoglycoside
aadB	aminoglycoside
aadD	aminoglycoside
aadE	aminoglycoside
aadK	aminoglycoside
ant(2)-I	aminoglycoside
ant(3)-Ih-aac(6)-IId	aminoglycoside
ant(4)-IIa	aminoglycoside
ant(4)-Ia	aminoglycoside
ant(9)-I	aminoglycoside
aph(2)-II	aminoglycoside
aph(2)-III	aminoglycoside
aph(2)-IV	aminoglycoside
aph(2)-Ie	aminoglycoside
aph(3)-III	aminoglycoside
aph(3)-I	aminoglycoside
aph(3)-IV	aminoglycoside
aph(3)-I	aminoglycoside
aph(3)-IIb	aminoglycoside
aph(3)-V	aminoglycoside
aph(3)-VII	aminoglycoside
aph(4)-I	aminoglycoside
aph(6)-I	aminoglycoside
bifunctional_aminoglycoside_N-acetyltransferase_and_aminoglycoside_phosphotransferase	aminoglycoside
rmtA	aminoglycoside
rmtB	aminoglycoside
rmtC	aminoglycoside
rmtD	aminoglycoside
rmtF	aminoglycoside
rmtG	aminoglycoside
streptomycin_resistance_protein	aminoglycoside
streptothricin_acetyltransferase	aminoglycoside
tunicamycin_resistance_protein	aminoglycoside
viomycin_phosphotransferase	aminoglycoside
bacA	bacitracin
bcrA	bacitracin
bcrC	bacitracin
ACT-1	beta-lactam
ACT-13	beta-lactam
ACT-14	beta-lactam
ACT-16	beta-lactam
ACT-19	beta-lactam
ACT-2	beta-lactam
ACT-20	beta-lactam
ACT-21	beta-lactam
ACT-23	beta-lactam
ACT-5	beta-lactam
AER-1	beta-lactam
BEL-2	beta-lactam
BEL-3	beta-lactam
CARB-12	beta-lactam
CARB-3	beta-lactam
CARB-5	beta-lactam
CARB-6	beta-lactam
CARB-7	beta-lactam
CARB-8	beta-lactam
CARB-9	beta-lactam
CAZ-2	beta-lactam
CAZ-6	beta-lactam
CAZ-7	beta-lactam
CFE-1	beta-lactam
CGB-1	beta-lactam
CMY-1	beta-lactam
CMY-10	beta-lactam
CMY-100	beta-lactam
CMY-102	beta-lactam
CMY-103	beta-lactam
CMY-11	beta-lactam
CMY-111	beta-lactam
CMY-13	beta-lactam
CMY-16	beta-lactam
CMY-18	beta-lactam
CMY-19	beta-lactam
CMY-2	beta-lactam
CMY-21	beta-lactam
CMY-22	beta-lactam
CMY-23	beta-lactam
CMY-25	beta-lactam
CMY-26	beta-lactam
CMY-29	beta-lactam
CMY-30	beta-lactam
CMY-31	beta-lactam
CMY-32	beta-lactam
CMY-33	beta-lactam
CMY-37	beta-lactam
CMY-39	beta-lactam
CMY-4	beta-lactam
CMY-40	beta-lactam
CMY-41	beta-lactam
CMY-43	beta-lactam
CMY-44	beta-lactam
CMY-51	beta-lactam
CMY-54	beta-lactam
CMY-55	beta-lactam
CMY-56	beta-lactam
CMY-6	beta-lactam
CMY-60	beta-lactam
CMY-61	beta-lactam
CMY-62	beta-lactam
CMY-64	beta-lactam
CMY-65	beta-lactam
CMY-69	beta-lactam
CMY-73	beta-lactam
CMY-74	beta-lactam
CMY-78	beta-lactam
CMY-79	beta-lactam
CMY-80	beta-lactam
CMY-87	beta-lactam
CMY-9	beta-lactam
CMY-98	beta-lactam
CMY-99	beta-lactam
CTX-M	beta-lactam
CTX-M-1	beta-lactam
CTX-M-10	beta-lactam
CTX-M-101	beta-lactam
CTX-M-102	beta-lactam
CTX-M-103	beta-lactam
CTX-M-105	beta-lactam
CTX-M-106	beta-lactam
CTX-M-110	beta-lactam
CTX-M-111	beta-lactam
CTX-M-112	beta-lactam
CTX-M-113	beta-lactam
CTX-M-114	beta-lactam
CTX-M-12	beta-lactam
CTX-M-121	beta-lactam
CTX-M-122	beta-lactam
CTX-M-125	beta-lactam
CTX-M-126	beta-lactam
CTX-M-129	beta-lactam
CTX-M-130	beta-lactam
CTX-M-131	beta-lactam
CTX-M-132	beta-lactam
CTX-M-134	beta-lactam
CTX-M-137	beta-lactam
CTX-M-14	beta-lactam
CTX-M-141	beta-lactam
CTX-M-142	beta-lactam
CTX-M-147	beta-lactam
CTX-M-15	beta-lactam
CTX-M-152	beta-lactam
CTX-M-16	beta-lactam
CTX-M-17	beta-lactam
CTX-M-19	beta-lactam
CTX-M-2	beta-lactam
CTX-M-20	beta-lactam
CTX-M-22	beta-lactam
CTX-M-24	beta-lactam
CTX-M-25	beta-lactam
CTX-M-26	beta-lactam
CTX-M-28	beta-lactam
CTX-M-29	beta-lactam
CTX-M-31	beta-lactam
CTX-M-32	beta-lactam
CTX-M-34	beta-lactam
CTX-M-35	beta-lactam
CTX-M-36	beta-lactam
CTX-M-37	beta-lactam
CTX-M-38	beta-lactam
CTX-M-4	beta-lactam
CTX-M-40	beta-lactam
CTX-M-41	beta-lactam
CTX-M-42	beta-lactam
CTX-M-43	beta-lactam
CTX-M-5	beta-lactam
CTX-M-51	beta-lactam
CTX-M-52	beta-lactam
CTX-M-53	beta-lactam
CTX-M-54	beta-lactam
CTX-M-55	beta-lactam
CTX-M-56	beta-lactam
CTX-M-58	beta-lactam
CTX-M-59	beta-lactam
CTX-M-60	beta-lactam
CTX-M-61	beta-lactam
CTX-M-62	beta-lactam
CTX-M-63	beta-lactam
CTX-M-65	beta-lactam
CTX-M-68	beta-lactam
CTX-M-69	beta-lactam
CTX-M-7	beta-lactam
CTX-M-74	beta-lactam
CTX-M-75	beta-lactam
CTX-M-78	beta-lactam
CTX-M-79	beta-lactam
CTX-M-82	beta-lactam
CTX-M-83	beta-lactam
CTX-M-84	beta-lactam
CTX-M-85	beta-lactam
CTX-M-86	beta-lactam
CTX-M-89	beta-lactam
CTX-M-90	beta-lactam
CTX-M-91	beta-lactam
CTX-M-92	beta-lactam
CTX-M-94	beta-lactam
CTX-M-99	beta-lactam
CfxA2	beta-lactam
CfxA3	beta-lactam
DHA-12	beta-lactam
DHA-5	beta-lactam
DHA-6	beta-lactam
DHA-7	beta-lactam
FEZ-1	beta-lactam
FONA-6	beta-lactam
FOX-1	beta-lactam
FOX-2	beta-lactam
FOX-3	beta-lactam
FOX-4	beta-lactam
FOX-5	beta-lactam
FOX-7	beta-lactam
FOX-8	beta-lactam
FOX-9	beta-lactam
GES-1	beta-lactam
GES-10	beta-lactam
GES-11	beta-lactam
GES-12	beta-lactam
GES-13	beta-lactam
GES-14	beta-lactam
GES-15	beta-lactam
GES-17	beta-lactam
GES-18	beta-lactam
GES-19	beta-lactam
GES-20	beta-lactam
GES-21	beta-lactam
GES-23	beta-lactam
GES-3	beta-lactam
GES-4	beta-lactam
GES-5	beta-lactam
GES-9	beta-lactam
GIM-1	beta-lactam
GOB-1	beta-lactam
IBC-2	beta-lactam
IMI-1	beta-lactam
IMI-2	beta-lactam
IMI-3	beta-lactam
IMI-4	beta-lactam
IMP	beta-lactam
IMP-1	beta-lactam
IMP-10	beta-lactam
IMP-11	beta-lactam
IMP-12	beta-lactam
IMP-13	beta-lactam
IMP-14	beta-lactam
IMP-15	beta-lactam
IMP-16	beta-lactam
IMP-18	beta-lactam
IMP-19	beta-lactam
IMP-2	beta-lactam
IMP-20	beta-lactam
IMP-21	beta-lactam
IMP-22	beta-lactam
IMP-24	beta-lactam
IMP-25	beta-lactam
IMP-27	beta-lactam
IMP-28	beta-lactam
IMP-29	beta-lactam
IMP-31	beta-lactam
IMP-32	beta-lactam
IMP-33	beta-lactam
IMP-35	beta-lactam
IMP-37	beta-lactam
IMP-38	beta-lactam
IMP-4	beta-lactam
IMP-40	beta-lactam
IMP-41	beta-lactam
IMP-42	beta-lactam
IMP-43	beta-lactam
IMP-44	beta-lactam
IMP-5	beta-lactam
IMP-6	beta-lactam
IMP-7	beta-lactam
IMP-8	beta-lactam
IMP-9	beta-lactam
IND-1	beta-lactam
IND-10	beta-lactam
IND-11	beta-lactam
IND-12	beta-lactam
IND-14	beta-lactam
IND-15	beta-lactam
IND-3	beta-lactam
IND-4	beta-lactam
IND-5	beta-lactam
IND-6	beta-lactam
IND-7	beta-lactam
IND-8	beta-lactam
IND-9	beta-lactam
JOHN-1	beta-lactam
KHM-1	beta-lactam
KLUG-1	beta-lactam
KLUY-2	beta-lactam
KLUY-3	beta-lactam
KLUY-4	beta-lactam
KPC-1	beta-lactam
KPC-10	beta-lactam
KPC-11	beta-lactam
KPC-12	beta-lactam
KPC-13	beta-lactam
KPC-15	beta-lactam
KPC-16	beta-lactam
KPC-17	beta-lactam
KPC-2	beta-lactam
KPC-3	beta-lactam
KPC-4	beta-lactam
KPC-5	beta-lactam
KPC-6	beta-lactam
KPC-7	beta-lactam
KPC-8	beta-lactam
LCR-1	beta-lactam
LEN-1	beta-lactam
LEN-15	beta-lactam
LEN-16	beta-lactam
LEN-17	beta-lactam
LEN-18	beta-lactam
LEN-19	beta-lactam
LEN-2	beta-lactam
LEN-20	beta-lactam
LEN-21	beta-lactam
LEN-23	beta-lactam
LEN-24	beta-lactam
LEN-5	beta-lactam
LRA-1	beta-lactam
LRA-12	beta-lactam
LRA-13	beta-lactam
LRA-17	beta-lactam
LRA-19	beta-lactam
LRA-2	beta-lactam
LRA-3	beta-lactam
LRA-5	beta-lactam
LRA-8	beta-lactam
LRA-9	beta-lactam
MIR-1	beta-lactam
MIR-2	beta-lactam
MIR-3	beta-lactam
MIR-6	beta-lactam
MIR-8	beta-lactam
MOX-1	beta-lactam
MOX-2	beta-lactam
MOX-3	beta-lactam
MOX-4	beta-lactam
MOX-5	beta-lactam
MOX-6	beta-lactam
MOX-7	beta-lactam
MUS-1	beta-lactam
NDM-2	beta-lactam
NDM-3	beta-lactam
NDM-4	beta-lactam
NDM-5	beta-lactam
NDM-6	beta-lactam
NDM-7	beta-lactam
NDM-8	beta-lactam
NMC-A	beta-lactam
NPS-1	beta-lactam
OCH-2	beta-lactam
OCH-4	beta-lactam
OCH-5	beta-lactam
OCH-8	beta-lactam
OKP-A	beta-lactam
OKP-B	beta-lactam
OXA-1	beta-lactam
OXA-10	beta-lactam
OXA-101	beta-lactam
OXA-104	beta-lactam
OXA-106	beta-lactam
OXA-107	beta-lactam
OXA-108	beta-lactam
OXA-109	beta-lactam
OXA-11	beta-lactam
OXA-110	beta-lactam
OXA-111	beta-lactam
OXA-112	beta-lactam
OXA-113	beta-lactam
OXA-114	beta-lactam
OXA-115	beta-lactam
OXA-116	beta-lactam
OXA-117	beta-lactam
OXA-118	beta-lactam
OXA-119	beta-lactam
OXA-12	beta-lactam
OXA-120	beta-lactam
OXA-121	beta-lactam
OXA-128	beta-lactam
OXA-129	beta-lactam
OXA-13	beta-lactam
OXA-130	beta-lactam
OXA-131	beta-lactam
OXA-132	beta-lactam
OXA-134	beta-lactam
OXA-136	beta-lactam
OXA-137	beta-lactam
OXA-139	beta-lactam
OXA-141	beta-lactam
OXA-142	beta-lactam
OXA-144	beta-lactam
OXA-145	beta-lactam
OXA-146	beta-lactam
OXA-147	beta-lactam
OXA-148	beta-lactam
OXA-149	beta-lactam
OXA-15	beta-lactam
OXA-150	beta-lactam
OXA-161	beta-lactam
OXA-162	beta-lactam
OXA-163	beta-lactam
OXA-164	beta-lactam
OXA-165	beta-lactam
OXA-166	beta-lactam
OXA-167	beta-lactam
OXA-168	beta-lactam
OXA-169	beta-lactam
OXA-17	beta-lactam
OXA-170	beta-lactam
OXA-171	beta-lactam
OXA-172	beta-lactam
OXA-173	beta-lactam
OXA-174	beta-lactam
OXA-175	beta-lactam
OXA-176	beta-lactam
OXA-177	beta-lactam
OXA-178	beta-lactam
OXA-179	beta-lactam
OXA-18	beta-lactam
OXA-180	beta-lactam
OXA-181	beta-lactam
OXA-183	beta-lactam
OXA-184	beta-lactam
OXA-19	beta-lactam
OXA-192	beta-lactam
OXA-194	beta-lactam
OXA-195	beta-lactam
OXA-196	beta-lactam
OXA-197	beta-lactam
OXA-2	beta-lactam
OXA-20	beta-lactam
OXA-200	beta-lactam
OXA-201	beta-lactam
OXA-202	beta-lactam
OXA-203	beta-lactam
OXA-205	beta-lactam
OXA-206	beta-lactam
OXA-207	beta-lactam
OXA-208	beta-lactam
OXA-209	beta-lactam
OXA-21	beta-lactam
OXA-210	beta-lactam
OXA-211	beta-lactam
OXA-212	beta-lactam
OXA-213	beta-lactam
OXA-214	beta-lactam
OXA-215	beta-lactam
OXA-216	beta-lactam
OXA-217	beta-lactam
OXA-219	beta-lactam
OXA-22	beta-lactam
OXA-223	beta-lactam
OXA-225	beta-lactam
OXA-226	beta-lactam
OXA-228	beta-lactam
OXA-229	beta-lactam
OXA-23	beta-lactam
OXA-230	beta-lactam
OXA-236	beta-lactam
OXA-237	beta-lactam
OXA-239	beta-lactam
OXA-24	beta-lactam
OXA-240	beta-lactam
OXA-241	beta-lactam
OXA-242	beta-lactam
OXA-243	beta-lactam
OXA-244	beta-lactam
OXA-247	beta-lactam
OXA-248	beta-lactam
OXA-25	beta-lactam
OXA-250	beta-lactam
OXA-251	beta-lactam
OXA-254	beta-lactam
OXA-257	beta-lactam
OXA-258	beta-lactam
OXA-26	beta-lactam
OXA-27	beta-lactam
OXA-278	beta-lactam
OXA-28	beta-lactam
OXA-29	beta-lactam
OXA-3	beta-lactam
OXA-309	beta-lactam
OXA-312	beta-lactam
OXA-313	beta-lactam
OXA-314	beta-lactam
OXA-315	beta-lactam
OXA-316	beta-lactam
OXA-317	beta-lactam
OXA-32	beta-lactam
OXA-322	beta-lactam
OXA-323	beta-lactam
OXA-324	beta-lactam
OXA-325	beta-lactam
OXA-326	beta-lactam
OXA-327	beta-lactam
OXA-328	beta-lactam
OXA-329	beta-lactam
OXA-330	beta-lactam
OXA-331	beta-lactam
OXA-332	beta-lactam
OXA-333	beta-lactam
OXA-334	beta-lactam
OXA-335	beta-lactam
OXA-34	beta-lactam
OXA-348	beta-lactam
OXA-349	beta-lactam
OXA-35	beta-lactam
OXA-350	beta-lactam
OXA-351	beta-lactam
OXA-352	beta-lactam
OXA-353	beta-lactam
OXA-354	beta-lactam
OXA-355	beta-lactam
OXA-356	beta-lactam
OXA-357	beta-lactam
OXA-358	beta-lactam
OXA-359	beta-lactam
OXA-36	beta-lactam
OXA-360	beta-lactam
OXA-361	beta-lactam
OXA-365	beta-lactam
OXA-37	beta-lactam
OXA-370	beta-lactam
OXA-374	beta-lactam
OXA-375	beta-lactam
OXA-376	beta-lactam
OXA-377	beta-lactam
OXA-378	beta-lactam
OXA-379	beta-lactam
OXA-380	beta-lactam
OXA-381	beta-lactam
OXA-382	beta-lactam
OXA-383	beta-lactam
OXA-384	beta-lactam
OXA-385	beta-lactam
OXA-386	beta-lactam
OXA-387	beta-lactam
OXA-388	beta-lactam
OXA-390	beta-lactam
OXA-391	beta-lactam
OXA-4	beta-lactam
OXA-42	beta-lactam
OXA-43	beta-lactam
OXA-46	beta-lactam
OXA-47	beta-lactam
OXA-48	beta-lactam
OXA-49	beta-lactam
OXA-5	beta-lactam
OXA-50	beta-lactam
OXA-51	beta-lactam
OXA-53	beta-lactam
OXA-54	beta-lactam
OXA-55	beta-lactam
OXA-56	beta-lactam
OXA-57	beta-lactam
OXA-58	beta-lactam
OXA-59	beta-lactam
OXA-60	beta-lactam
OXA-61	beta-lactam
OXA-62	beta-lactam
OXA-63	beta-lactam
OXA-64	beta-lactam
OXA-65	beta-lactam
OXA-66	beta-lactam
OXA-67	beta-lactam
OXA-68	beta-lactam
OXA-69	beta-lactam
OXA-7	beta-lactam
OXA-70	beta-lactam
OXA-71	beta-lactam
OXA-72	beta-lactam
OXA-73	beta-lactam
OXA-74	beta-lactam
OXA-75	beta-lactam
OXA-76	beta-lactam
OXA-77	beta-lactam
OXA-78	beta-lactam
OXA-79	beta-lactam
OXA-80	beta-lactam
OXA-82	beta-lactam
OXA-83	beta-lactam
OXA-84	beta-lactam
OXA-85	beta-lactam
OXA-86	beta-lactam
OXA-87	beta-lactam
OXA-88	beta-lactam
OXA-89	beta-lactam
OXA-9	beta-lactam
OXA-90	beta-lactam
OXA-91	beta-lactam
OXA-92	beta-lactam
OXA-93	beta-lactam
OXA-94	beta-lactam
OXA-95	beta-lactam
OXA-96	beta-lactam
OXA-97	beta-lactam
OXA-98	beta-lactam
OXA-99	beta-lactam
OXY-1	beta-lactam
OXY-2	beta-lactam
OXY-3	beta-lactam
OXY-4	beta-lactam
OXY-5	beta-lactam
PBP-1a	beta-lactam
PBP_1b	beta-lactam
PBP_1a	beta-lactam
PBP_1c	beta-lactam
PBP-1b	beta-lactam
PBP-2x	beta-lactam
PDC-1	beta-lactam
PDC-10	beta-lactam
PDC-2	beta-lactam
PDC-3	beta-lactam
PDC-4	beta-lactam
PDC-5	beta-lactam
PDC-6	beta-lactam
PDC-7	beta-lactam
PDC-8	beta-lactam
PDC-9	beta-lactam
PER-1	beta-lactam
PER-2	beta-lactam
PER-3	beta-lactam
PER-4	beta-lactam
PER-5	beta-lactam
PER-6	beta-lactam
PER-7	beta-lactam
PSE-1	beta-lactam
PSE-4	beta-lactam
ROB-1	beta-lactam
RTG-4	beta-lactam
RTG-5	beta-lactam
SHV	beta-lactam
SHV-1	beta-lactam
SHV-100	beta-lactam
SHV-101	beta-lactam
SHV-102	beta-lactam
SHV-105	beta-lactam
SHV-109	beta-lactam
SHV-112	beta-lactam
SHV-12	beta-lactam
SHV-120	beta-lactam
SHV-121	beta-lactam
SHV-128	beta-lactam
SHV-13	beta-lactam
SHV-133	beta-lactam
SHV-134	beta-lactam
SHV-135	beta-lactam
SHV-137	beta-lactam
SHV-14	beta-lactam
SHV-140	beta-lactam
SHV-141	beta-lactam
SHV-142	beta-lactam
SHV-143	beta-lactam
SHV-145	beta-lactam
SHV-147	beta-lactam
SHV-148	beta-lactam
SHV-149	beta-lactam
SHV-150	beta-lactam
SHV-151	beta-lactam
SHV-152	beta-lactam
SHV-153	beta-lactam
SHV-154	beta-lactam
SHV-155	beta-lactam
SHV-157	beta-lactam
SHV-158	beta-lactam
SHV-159	beta-lactam
SHV-160	beta-lactam
SHV-161	beta-lactam
SHV-162	beta-lactam
SHV-164	beta-lactam
SHV-165	beta-lactam
SHV-167	beta-lactam
SHV-168	beta-lactam
SHV-172	beta-lactam
SHV-173	beta-lactam
SHV-178	beta-lactam
SHV-179	beta-lactam
SHV-2	beta-lactam
SHV-24	beta-lactam
SHV-27	beta-lactam
SHV-28	beta-lactam
SHV-29	beta-lactam
SHV-3	beta-lactam
SHV-34	beta-lactam
SHV-35	beta-lactam
SHV-36	beta-lactam
SHV-37	beta-lactam
SHV-38	beta-lactam
SHV-39	beta-lactam
SHV-4	beta-lactam
SHV-40	beta-lactam
SHV-41	beta-lactam
SHV-42	beta-lactam
SHV-44	beta-lactam
SHV-46	beta-lactam
SHV-48	beta-lactam
SHV-5	beta-lactam
SHV-50	beta-lactam
SHV-51	beta-lactam
SHV-52	beta-lactam
SHV-53	beta-lactam
SHV-55	beta-lactam
SHV-56	beta-lactam
SHV-59	beta-lactam
SHV-6	beta-lactam
SHV-60	beta-lactam
SHV-61	beta-lactam
SHV-62	beta-lactam
SHV-63	beta-lactam
SHV-64	beta-lactam
SHV-65	beta-lactam
SHV-66	beta-lactam
SHV-67	beta-lactam
SHV-69	beta-lactam
SHV-70	beta-lactam
SHV-71	beta-lactam
SHV-77	beta-lactam
SHV-8	beta-lactam
SHV-85	beta-lactam
SHV-86	beta-lactam
SHV-93	beta-lactam
SHV-94	beta-lactam
SHV-95	beta-lactam
SHV-96	beta-lactam
SHV-97	beta-lactam
SIM-1	beta-lactam
SMB-1	beta-lactam
SME-1	beta-lactam
SME-2	beta-lactam
SME-3	beta-lactam
SME-4	beta-lactam
SME-5	beta-lactam
SRT-1	beta-lactam
SRT-2	beta-lactam
TEM-1	beta-lactam
TEM-10	beta-lactam
TEM-101	beta-lactam
TEM-102	beta-lactam
TEM-104	beta-lactam
TEM-105	beta-lactam
TEM-106	beta-lactam
TEM-107	beta-lactam
TEM-108	beta-lactam
TEM-109	beta-lactam
TEM-11	beta-lactam
TEM-110	beta-lactam
TEM-111	beta-lactam
TEM-112	beta-lactam
TEM-113	beta-lactam
TEM-114	beta-lactam
TEM-115	beta-lactam
TEM-117	beta-lactam
TEM-118	beta-lactam
TEM-120	beta-lactam
TEM-121	beta-lactam
TEM-123	beta-lactam
TEM-124	beta-lactam
TEM-125	beta-lactam
TEM-126	beta-lactam
TEM-127	beta-lactam
TEM-128	beta-lactam
TEM-129	beta-lactam
TEM-130	beta-lactam
TEM-131	beta-lactam
TEM-132	beta-lactam
TEM-133	beta-lactam
TEM-134	beta-lactam
TEM-135	beta-lactam
TEM-136	beta-lactam
TEM-137	beta-lactam
TEM-138	beta-lactam
TEM-139	beta-lactam
TEM-141	beta-lactam
TEM-142	beta-lactam
TEM-143	beta-lactam
TEM-144	beta-lactam
TEM-145	beta-lactam
TEM-146	beta-lactam
TEM-147	beta-lactam
TEM-148	beta-lactam
TEM-149	beta-lactam
TEM-15	beta-lactam
TEM-151	beta-lactam
TEM-152	beta-lactam
TEM-153	beta-lactam
TEM-154	beta-lactam
TEM-155	beta-lactam
TEM-156	beta-lactam
TEM-157	beta-lactam
TEM-158	beta-lactam
TEM-159	beta-lactam
TEM-160	beta-lactam
TEM-162	beta-lactam
TEM-163	beta-lactam
TEM-166	beta-lactam
TEM-167	beta-lactam
TEM-168	beta-lactam
TEM-169	beta-lactam
TEM-17	beta-lactam
TEM-171	beta-lactam
TEM-176	beta-lactam
TEM-177	beta-lactam
TEM-178	beta-lactam
TEM-182	beta-lactam
TEM-183	beta-lactam
TEM-184	beta-lactam
TEM-185	beta-lactam
TEM-186	beta-lactam
TEM-187	beta-lactam
TEM-188	beta-lactam
TEM-189	beta-lactam
TEM-19	beta-lactam
TEM-190	beta-lactam
TEM-193	beta-lactam
TEM-194	beta-lactam
TEM-195	beta-lactam
TEM-197	beta-lactam
TEM-198	beta-lactam
TEM-2	beta-lactam
TEM-20	beta-lactam
TEM-201	beta-lactam
TEM-205	beta-lactam
TEM-208	beta-lactam
TEM-209	beta-lactam
TEM-21	beta-lactam
TEM-211	beta-lactam
TEM-213	beta-lactam
TEM-216	beta-lactam
TEM-22	beta-lactam
TEM-28	beta-lactam
TEM-29	beta-lactam
TEM-3	beta-lactam
TEM-30	beta-lactam
TEM-33	beta-lactam
TEM-34	beta-lactam
TEM-40	beta-lactam
TEM-43	beta-lactam
TEM-45	beta-lactam
TEM-47	beta-lactam
TEM-48	beta-lactam
TEM-49	beta-lactam
TEM-52	beta-lactam
TEM-53	beta-lactam
TEM-54	beta-lactam
TEM-55	beta-lactam
TEM-57	beta-lactam
TEM-6	beta-lactam
TEM-60	beta-lactam
TEM-63	beta-lactam
TEM-67	beta-lactam
TEM-68	beta-lactam
TEM-70	beta-lactam
TEM-72	beta-lactam
TEM-75	beta-lactam
TEM-76	beta-lactam
TEM-77	beta-lactam
TEM-78	beta-lactam
TEM-79	beta-lactam
TEM-80	beta-lactam
TEM-81	beta-lactam
TEM-82	beta-lactam
TEM-83	beta-lactam
TEM-84	beta-lactam
TEM-85	beta-lactam
TEM-86	beta-lactam
TEM-87	beta-lactam
TEM-88	beta-lactam
TEM-89	beta-lactam
TEM-90	beta-lactam
TEM-91	beta-lactam
TEM-92	beta-lactam
TEM-93	beta-lactam
TEM-94	beta-lactam
TEM-95	beta-lactam
TEM-96	beta-lactam
THIN-B	beta-lactam
TUS-1	beta-lactam
Toho-1	beta-lactam
VEB-1	beta-lactam
VEB-2	beta-lactam
VEB-3	beta-lactam
VEB-4	beta-lactam
VEB-5	beta-lactam
VEB-6	beta-lactam
VEB-7	beta-lactam
VEB-8	beta-lactam
VIM-1	beta-lactam
VIM-10	beta-lactam
VIM-12	beta-lactam
VIM-13	beta-lactam
VIM-14	beta-lactam
VIM-15	beta-lactam
VIM-16	beta-lactam
VIM-18	beta-lactam
VIM-2	beta-lactam
VIM-23	beta-lactam
VIM-24	beta-lactam
VIM-25	beta-lactam
VIM-26	beta-lactam
VIM-28	beta-lactam
VIM-30	beta-lactam
VIM-33	beta-lactam
VIM-34	beta-lactam
VIM-4	beta-lactam
VIM-7	beta-lactam
VIM-8	beta-lactam
VIM-9	beta-lactam
ampC	beta-lactam
blaB	beta-lactam
blaI	beta-lactam
blaR1	beta-lactam
blaZ	beta-lactam
ccrA	beta-lactam
AcrB/AcrD/AcrF family	multidrug
cephalosporinase_DHA-2	beta-lactam
class_A_beta-lactamase	beta-lactam
class_B_beta-lactamase	beta-lactam
class_C_beta-lactamase	beta-lactam
class_D_beta-lactamase	beta-lactam
fmtC	beta-lactam
mecA	beta-lactam
mecC	beta-lactam
mecI	beta-lactam
mecR1	beta-lactam
metallo-beta-lactamase	beta-lactam
penA	beta-lactam
bleO	bleomycin
bleomycin_resistance_protein	bleomycin
carA	carbomycin
catA	chloramphenicol
catB	chloramphenicol
catD	chloramphenicol
catP	chloramphenicol
catQ	chloramphenicol
catS	chloramphenicol
cat	chloramphenicol
cmlA	chloramphenicol
cmrA	chloramphenicol
floR	chloramphenicol
fosA	fosfomycin
fosB	fosfomycin
fosC	fosfomycin
fosX	fosfomycin
rosA	fosmidomycin
rosB	fosmidomycin
fusB	fusaric-acid
fusH	fusidic-acid
ksgA	kasugamycin
ereA	macrolide-lincosamide-streptogramin
ereB	macrolide-lincosamide-streptogramin
erm(31)	macrolide-lincosamide-streptogramin
erm(33)	macrolide-lincosamide-streptogramin
erm(34)	macrolide-lincosamide-streptogramin
erm(35)	macrolide-lincosamide-streptogramin
erm(36)	macrolide-lincosamide-streptogramin
erm(38)	macrolide-lincosamide-streptogramin
erm(39)	macrolide-lincosamide-streptogramin
erm(41)	macrolide-lincosamide-streptogramin
erm(TR)	macrolide-lincosamide-streptogramin
ermA	macrolide-lincosamide-streptogramin
ermB	macrolide-lincosamide-streptogramin
ermC	macrolide-lincosamide-streptogramin
ermE	macrolide-lincosamide-streptogramin
ermF	macrolide-lincosamide-streptogramin
ermG	macrolide-lincosamide-streptogramin
ermH	macrolide-lincosamide-streptogramin
ermN	macrolide-lincosamide-streptogramin
ermO	macrolide-lincosamide-streptogramin
ermS	macrolide-lincosamide-streptogramin
ermT	macrolide-lincosamide-streptogramin
ermX	macrolide-lincosamide-streptogramin
lmrA	macrolide-lincosamide-streptogramin
lmrB	macrolide-lincosamide-streptogramin
lmrP	macrolide-lincosamide-streptogramin
lnuA	macrolide-lincosamide-streptogramin
lnuB	macrolide-lincosamide-streptogramin
macA	macrolide-lincosamide-streptogramin
macB	macrolide-lincosamide-streptogramin
mefA	macrolide-lincosamide-streptogramin
mgtA	macrolide-lincosamide-streptogramin
mphA	macrolide-lincosamide-streptogramin
mphB	macrolide-lincosamide-streptogramin
mphC	macrolide-lincosamide-streptogramin
msrA	macrolide-lincosamide-streptogramin
msrC	macrolide-lincosamide-streptogramin
oleB	macrolide-lincosamide-streptogramin
oleD	macrolide-lincosamide-streptogramin
srmB	macrolide-lincosamide-streptogramin
tlcC	macrolide-lincosamide-streptogramin
vatA	macrolide-lincosamide-streptogramin
vatB	macrolide-lincosamide-streptogramin
vatC	macrolide-lincosamide-streptogramin
vatD	macrolide-lincosamide-streptogramin
vatE	macrolide-lincosamide-streptogramin
vatG	macrolide-lincosamide-streptogramin
vgaA	macrolide-lincosamide-streptogramin
vgaB	macrolide-lincosamide-streptogramin
vgaD	macrolide-lincosamide-streptogramin
vgaE	macrolide-lincosamide-streptogramin
vgbA	macrolide-lincosamide-streptogramin
vgbB	macrolide-lincosamide-streptogramin
EmrB-QacA	multidrug
efflux_EmrB	multidrug
TolC	multidrug
abeS	multidrug
acrA	multidrug
acrB	multidrug
acrF	multidrug
adeA	multidrug
adeB	multidrug
adeC	multidrug
adeJ	multidrug
adeK	multidrug
amrB	multidrug
bicyclomycin	multidrug
bpeE	multidrug
bpeF	multidrug
ceoA	multidrug
ceoB	multidrug
cmeA	multidrug
cmeB	multidrug
emrA	multidrug
emrB	multidrug
emrD	multidrug
emrE	multidrug
emrK	multidrug
major	multidrug
marR	multidrug
mdfA	multidrug
mdtA	multidrug
mdtB	multidrug
mdtC	multidrug
mdtD	multidrug
mdtE	multidrug
mdtF	multidrug
mdtG	multidrug
mdtH	multidrug
mdtK	multidrug
mdtL	multidrug
mdtM	multidrug
mdtN	multidrug
mdtO	multidrug
mdtP	multidrug
mepA	multidrug
mexA	multidrug
mexB	multidrug
mexC	multidrug
mexD	multidrug
mexE	multidrug
mexF	multidrug
mexG	multidrug
mexH	multidrug
mexI	multidrug
mexT	multidrug
mexW	multidrug
mexX	multidrug
mexY	multidrug
mtrE	multidrug
mtrR	multidrug
norA	multidrug
omp36	multidrug
ompF	multidrug
ompR	multidrug
opcM	multidrug
opmD	multidrug
oprA	multidrug
oprC	multidrug
oprJ	multidrug
oprM	multidrug
oprN	multidrug
pmrA	multidrug
qacA	multidrug
qacB	multidrug
qacG	multidrug
sdeY	multidrug
smeB	multidrug
smeC	multidrug
smeD	multidrug
smeE	multidrug
smeF	multidrug
ykkC	multidrug
ykkD	multidrug
arnA	polymyxin
puromycin	puromycin
mfpA	quinolone
norB	quinolone
qepA	quinolone
qnrA	quinolone
qnrB	quinolone
qnrS	quinolone
rifampin	rifamycin
spcN	spectinomycin
sul1	sulfonamide
sul2	sulfonamide
sul3	sulfonamide
otrA	tetracycline
tcr3	tetracycline
tet31	tetracycline
tet32	tetracycline
tet34	tetracycline
tet35	tetracycline
tet36	tetracycline
tet37	tetracycline
tet39	tetracycline
tet40	tetracycline
tet41	tetracycline
tet43	tetracycline
tet44	tetracycline
tetA	tetracycline
tetB	tetracycline
tetC	tetracycline
tetD	tetracycline
tetE	tetracycline
tetG	tetracycline
tetH	tetracycline
tetJ	tetracycline
tetL	tetracycline
tetM	tetracycline
tetO	tetracycline
tetP	tetracycline
tetQ	tetracycline
tetR	tetracycline
tetS	tetracycline
tetT	tetracycline
tetU	tetracycline
tetV	tetracycline
tetW	tetracycline
tetX	tetracycline
tetY	tetracycline
tetZ	tetracycline
dfrA1	trimethoprim
dfrA10	trimethoprim
dfrA12	trimethoprim
dfrA13	trimethoprim
dfrA14	trimethoprim
dfrA15	trimethoprim
dfrA16	trimethoprim
dfrA17	trimethoprim
dfrA19	trimethoprim
dfrA20	trimethoprim
dfrA21	trimethoprim
dfrA22	trimethoprim
dfrA23	trimethoprim
dfrA24	trimethoprim
dfrA25	trimethoprim
dfrA5	trimethoprim
dfrA7	trimethoprim
dfrB1	trimethoprim
dfrB2	trimethoprim
dfrB3	trimethoprim
dfrB6	trimethoprim
rpsD	unclassified
sdiA	unclassified
tmrB	unclassified
vanA	vancomycin
vanB	vancomycin
vanC	vancomycin
vanD	vancomycin
vanE	vancomycin
vanG	vancomycin
vanH	vancomycin
vanM	vancomycin
vanN	vancomycin
vanR	vancomycin
vanS	vancomycin
vanT	vancomycin
vanU	vancomycin
vanW	vancomycin
vanX	vancomycin
vanY	vancomycin
vanZ	vancomycin
